{"google_35.7874_35.7767_-78.6343_-78.6494_400_1_999999": {"timestamp": 1769051466.005094, "businesses": [[35.7772716, -78.6459204, "Barcelona Wine Bar", "spanish_restaurant", [], 1735, null], [35.7784835, -78.6491499, "Wye Hill Kitchen & Brewing", "brunch_restaurant", [], 1307, null], [35.7775962, -78.6459648, "Heirloom", "restaurant", [], 676, null], [35.7774156, -78.645538, "La Terrazza", "restaurant", [], 356, null], [35.7783935, -78.6458983, "Oak Steakhouse", "steak_house", [], 1226, null], [35.7786987, -78.64579719999999, "Weaver Street Market", "grocery_store", [], 622, null], [35.778398599999996, -78.6456084, "O-Ku", "japanese_restaurant", [], 1098, null], [35.77839, -78.6486895, "Flex", "bar", [], 160, null], [35.780028699999995, -78.6478637, "Dram & Draught", "bar", [], 687, null], [35.7797957, -78.6481218, "Good Day Good Night", "restaurant", [], 210, null], [35.7768383, -78.64638099999999, "Junction West", "wedding_venue", [], 143, null], [35.776711999999996, -78.642141, "Whiskey Kitchen", "restaurant", [], 3153, null], [35.7780493, -78.6386322, "The Raleigh Times", "bar", [], 2972, null], [35.778957399999996, -78.6395634, "Birdie's Barroom & Kitchen", "american_restaurant", [], 1132, null], [35.7769778, -78.63813329999999, "Beasley's Chicken + Honey", "american_restaurant", [], 4526, null], [35.778155000000005, -78.638755, "Morning Times", "cafe", [], 1911, null], [35.778550599999996, -78.64423169999999, "A Place at the Table", "cafe", [], 1080, null], [35.7769785, -78.6436997, "Parkside Restaurant", "american_restaurant", [], 2080, null], [35.777595999999996, -78.6396299, "The Big Easy NC", "bar_and_grill", [], 2658, null], [35.7783752, -78.63794399999999, "Sitti", "lebanese_restaurant", [], 3155, null], [35.7786524, -78.6448328, "Legends Nightclub", "night_club", [], 342, null], [35.7768529, -78.6386769, "Bittersweet", "bar", [], 1137, null], [35.7774132, -78.6369174, "Brewery Bhavana - Downtown", "restaurant", [], 3335, null], [35.777289200000006, -78.63674300000001, "Bida Manda", "thai_restaurant", [], 2396, null], [35.7780444, -78.6367417, "Watts & Ward", "bar", [], 1403, null], [35.7771626, -78.6368123, "The Pour House Music Hall & Record Shop", "concert_hall", [], 862, null], [35.7780833, -78.6367278, "Caffe Luna", "italian_restaurant", [], 1248, null], [35.777499999999996, -78.63799999999999, "St. Roch Fine Oysters + Bar", "restaurant", [], 1167, null], [35.778507, -78.638019, "Gravy", "italian_restaurant", [], 2025, null], [35.780824599999995, -78.6457375, "PRESS Coffee Cr\u00eapes Cocktails", "cafe", [], 523, null], [35.78376250000001, -78.6472651, "La Santa Modern Mexican Food", "mexican_restaurant", [], 1993, null], [35.7805879, -78.6486383, "First watch", "breakfast_restaurant", [], 1097, null], [35.7843133, -78.64720539999999, "Tin Roof", "bar", [], 755, null], [35.784047400000006, -78.647234, "Wonderland Kitchen & Cocktails", "mexican_restaurant", [], 2554, null], [35.784727499999995, -78.6475383, "Hibernian Irish Pub & Restaurant", "pub", [], 2649, null], [35.781057200000006, -78.64856739999999, "Char Grill", "restaurant", [], 1639, null], [35.7812394, -78.647711, "The Willard Rooftop Lounge", "night_club", [], 578, null], [35.7825681, -78.64645639999999, "Tobacco Road Sports Cafe & Brewery", "banquet_hall", [], 1467, null], [35.783469499999995, -78.6472892, "Anise Pho", "vietnamese_restaurant", [], 766, null], [35.7811234, -78.64787559999999, "The Avenue Raleigh", "bar", [], 195, null], [35.7811965, -78.6457882, "The Brass Tap", "bar", [], 127, null], [35.7845182, -78.64769869999999, "Sushi Blues Cafe", "sushi_restaurant", [], 1532, null], [35.7841293, -78.6459725, "Five Star Restaurant", "restaurant", [], 966, null], [35.7832857, -78.647291, "DeMos Pizzeria & Deli", "pizza_restaurant", [], 988, null], [35.782123899999995, -78.6454146, "Killjoy", "bar", [], 265, null], [35.7819937, -78.6473937, "The Cupcake Shoppe Bakery + Coffee", "bakery", [], 861, null], [35.7805496, -78.64832930000001, "321 Coffee - Downtown Raleigh", "coffee_shop", [], 586, null], [35.7808358, -78.644441, "Taverna Agora", "greek_restaurant", [], 3951, null], [35.784233, -78.6427917, "The Longleaf Hotel and Lounge", "hotel", [], 1037, null], [35.7799437, -78.6448157, "Flying Saucer Draught Emporium", "pub", [], 2694, null], [35.7809386, -78.6446948, "Second Empire Restaurant and Tavern", "american_restaurant", [], 1825, null], [35.7845185, -78.6435104, "Mulino Italian Kitchen & Bar", "italian_restaurant", [], 1486, null], [35.7803, -78.64531699999999, "State of Beer", "liquor_store", [], 775, null], [35.779660299999996, -78.64374459999999, "Side Quest Game Lounge + Bar", "bar", [], 231, null], [35.7822525, -78.64097079999999, "The Daily Planet Cafe", "cafe", [], 732, null], [35.782637199999996, -78.6453533, "La Mala Mexican Inspired Cocktails", "restaurant", [], 67, null], [35.7796308, -78.6436129, "Libations 317 & Su-Z's Asian Kitchen", "brunch_restaurant", [], 85, null], [35.780364399999996, -78.64358969999999, "Jubala Coffee", "coffee_shop", [], 34, null], [35.782475399999996, -78.6381815, "Premier Cakes Diner at The NC Museum of History", "american_restaurant", [], 18, null], [35.782273499999995, -78.6395502, "Acro Cafe", "cafe", [], 12, null], [35.780150899999995, -78.644071, "Microweb Vision", "coffee_shop", [], 6, null], [35.783151, -78.6389051, "Legislative Building Snack Bar", "restaurant", [], 1, null], [35.780850099999995, -78.6344111, "Longleaf Swine", "restaurant", [], 601, null], [35.7812858, -78.6344962, "Gringo A Go Go", "mexican_restaurant", [], 1527, null], [35.786099799999995, -78.6470628, "Sullivan's Steakhouse", "steak_house", [], 8502, null], [35.7870711, -78.6452833, "Midwood Smokehouse", "barbecue_restaurant", [], 853, null], [35.786622799999996, -78.64712039999999, "Vidrio", "mediterranean_restaurant", [], 1836, null], [35.787051399999996, -78.6468739, "Burger Village", "hamburger_restaurant", [], 1180, null], [35.7857015, -78.6476308, "Botanical Lounge", "night_club", [], 350, null], [35.7858777, -78.6459465, "Whiskey Rose Raleigh", "bar", [], 93, null], [35.787118299999996, -78.6469094, "Pierro's", "italian_restaurant", [], 565, null], [35.7871877, -78.6465281, "PLUS Dueling Piano Bar", "bar", [], 689, null], [35.7864109, -78.6450507, "Madre", "restaurant", [], 845, null], [35.7849444, -78.6449221, "Flour and Barrel", "restaurant", [], 694, null], [35.786113, -78.6450545, "Morelia Ice Cream Paletas - Raleigh", "ice_cream_shop", [], 242, null], [35.7860946, -78.6448302, "Moon Room", "bar", [], 103, null], [35.7869181, -78.64490510000002, "The Crunkleton", "american_restaurant", [], 198, null], [35.786078499999995, -78.6447766, "Dose Yoga and Smoothie Bar", "yoga_studio", [], 281, null], [35.7863775, -78.6450354, "Tucker Street Diner", "diner", [], 113, null]], "provider": "google", "count": 79, "bbox": [35.78743, 35.77671, -78.63426, -78.6494], "radius_m": 400, "min_reviews": 1, "max_reviews": 999999, "note": "Cached with full hours/reviews for time-based filtering during routing"}}