{"google_35.7874_35.7767_-78.6343_-78.6494_400_1_999999": {"timestamp": 1769053208.4626048, "businesses": [[35.7772716, -78.6459204, "Barcelona Wine Bar", "spanish_restaurant", [], 1735, null], [35.7768383, -78.64638099999999, "Junction West", "wedding_venue", [], 143, null], [35.7769785, -78.6436997, "Parkside Restaurant", "american_restaurant", [], 2080, null], [35.776711999999996, -78.642141, "Whiskey Kitchen", "restaurant", [], 3153, null], [35.7769778, -78.63813329999999, "Beasley's Chicken + Honey", "event_venue", [], 4526, null], [35.777595999999996, -78.6396299, "The Big Easy NC", "bar_and_grill", [], 2658, null], [35.7768529, -78.6386769, "Bittersweet", "bar", [], 1137, null], [35.777298, -78.640101, "lucettegrace", "cafe", [], 1277, null], [35.7771112, -78.6398226, "Kings", "event_venue", [], 398, null], [35.777135, -78.639802, "Neptunes Parlour", "bar", [], 281, null], [35.7777252, -78.6389999, "FOUNDATION", "bar", [], 169, null], [35.777423399999996, -78.63958559999999, "Zenith Raleigh", "night_club", [], 74, null], [35.7771001, -78.6386546, "Mecca Restaurant", "restaurant", [], 1016, null], [35.7768271, -78.6384425, "ORO", "restaurant", [], 766, null], [35.7770888, -78.6395026, "Subway", "sandwich_shop", [], 424, null], [35.7771353, -78.6398083, "Le Dive", "restaurant", [], 53, null], [35.7773615, -78.63842199999999, "Carroll's Kitchen", "restaurant", [], 212, null], [35.7771314, -78.6401173, "Inka Grill Peruvian Cuisine", "seafood_restaurant", [], 164, null], [35.7771353, -78.6398083, "Da Bubs", "pizza_restaurant", [], 62, null], [35.7774132, -78.6369174, "Brewery Bhavana - Downtown", "restaurant", [], 3335, null], [35.777289200000006, -78.63674300000001, "Bida Manda", "vietnamese_restaurant", [], 2396, null], [35.7771626, -78.6368123, "The Pour House Music Hall & Record Shop", "concert_hall", [], 862, null], [35.7767262, -78.6368337, "42 & Lawrence", "coffee_shop", [], 651, null], [35.7767202, -78.6373168, "Amrut: Taste of India", "indian_restaurant", [], 641, null], [35.777088, -78.6370759, "The Hippo Wine Bar & Shop", "wine_bar", [], 50, null], [35.7772576, -78.63519699999999, "Lucky Tree Cafe & Roastery - Moore Square", "cafe", [], 33, null], [35.7784835, -78.6491499, "Wye Hill Kitchen & Brewing", "brunch_restaurant", [], 1307, null], [35.77839, -78.6486895, "Flex", "bar", [], 160, null], [35.7786987, -78.64579719999999, "Weaver Street Market", "grocery_store", [], 622, null], [35.7783935, -78.6458983, "Oak Steakhouse", "steak_house", [], 1226, null], [35.779035199999996, -78.6456805, "BareBakedPizza", "restaurant", [], 136, null], [35.779035199999996, -78.6456805, "Times Square Deli", "restaurant", [], 108, null], [35.7792277, -78.64583879999999, "Epic Axe - Raleigh", "adventure_sports_center", [], 317, null], [35.7791991, -78.6456242, "CowBar", "hamburger_restaurant", [], 841, null], [35.779035199999996, -78.6456805, "The Crispy Cod", "seafood_restaurant", [], 148, null], [35.7792117, -78.6457207, "Gym Tacos Morgan St.", "restaurant", [], 66, null], [35.779035199999996, -78.6456805, "The Katsu", "restaurant", [], 72, null], [35.779035199999996, -78.6456805, "Yoho: Hibachi & Sushi Burrito", "sushi_restaurant", [], 76, null], [35.779035199999996, -78.6456805, "The Kupkake Fairy", "bakery", [], 36, null], [35.779035199999996, -78.6456805, "Chopsticks X Forks", "asian_restaurant", [], 57, null], [35.779035199999996, -78.6456805, "Fresco Veloce", "restaurant", [], 23, null], [35.779035199999996, -78.6456805, "The Panini Co", "restaurant", [], 37, null], [35.779035199999996, -78.6456805, "Primal Cuts", "restaurant", [], 25, null], [35.778550599999996, -78.64423169999999, "A Place at the Table", "cafe", [], 1080, null], [35.7786524, -78.6448328, "Legends Nightclub", "night_club", [], 342, null], [35.779660299999996, -78.64374459999999, "Side Quest Game Lounge + Bar", "bar", [], 231, null], [35.7796308, -78.6436129, "Libations 317 & Su-Z's Asian Kitchen", "brunch_restaurant", [], 85, null], [35.7792108, -78.6455793, "Curry in a Hurry", "indian_restaurant", [], 77, null], [35.7781658, -78.64473350000002, "Tasty Dawgs And BBQ Kabob", "meal_takeaway", [], 16, null], [35.778978699999996, -78.644751, "View Bar & Gameroom", "bar", [], 15, null], [35.7780493, -78.6386322, "The Raleigh Times", "bar", [], 2972, null], [35.778957399999996, -78.6395634, "Birdie's Barroom & Kitchen", "american_restaurant", [], 1132, null], [35.778155000000005, -78.638755, "Morning Times", "cafe", [], 1911, null], [35.7788846, -78.6389633, "Insomnia Cookies", "dessert_shop", [], 46, null], [35.7788158, -78.63899300000001, "Benny Capitale's", "pizza_restaurant", [], 1173, null], [35.7781917, -78.6397163, "Raleigh Raw Juice Bar & Cafe", "juice_shop", [], 860, null], [35.7792756, -78.6383319, "Centro", "mexican_restaurant", [], 919, null], [35.7789662, -78.6395201, "Birdie's Cafe & Coffee Shop", "coffee_shop", [], 46, null], [35.7779697, -78.6390139, "The Anchor", "bar", [], 298, null], [35.7787244, -78.63899839999999, "DICED Salads, Wraps & Bowls - Downtown", "vegan_restaurant", [], 83, null], [35.778921499999996, -78.6389921, "PrimoHoagies", "sandwich_shop", [], 33, null], [35.778621, -78.64045, "Virgil's Cocktails and Cocina", "restaurant", [], 565, null], [35.778732, -78.63968500000001, "Subway", "sandwich_shop", [], 80, null], [35.7786142, -78.64042069999999, "Electric Flamingo", "bar", [], 11, null], [35.77926, -78.6384398, "Bitter Social", "bar", [], 7, null], [35.777981200000006, -78.6399181, "Ruth Drennan Cakes", "dessert_shop", [], 3, null], [35.7780444, -78.6367417, "Watts & Ward", "bar", [], 1403, null], [35.7783752, -78.63794399999999, "Sitti", "lebanese_restaurant", [], 3155, null], [35.7780833, -78.6367278, "Caffe Luna", "italian_restaurant", [], 1248, null], [35.778507, -78.638019, "Gravy", "italian_restaurant", [], 2025, null], [35.7784032, -78.6375022, "Landmark Tavern", "bar", [], 439, null], [35.7783855, -78.637, "Halftime Sports Lounge", "bar", [], 17, null], [35.7785571, -78.63619229999999, "Marbles Cafe", "cafe", [], 40, null], [35.7785571, -78.63619229999999, "Beansprout Caf\u00e9 + Coffee", "coffee_shop", [], 17, null], [35.7805879, -78.6486383, "First watch", "breakfast_restaurant", [], 1097, null], [35.781057200000006, -78.64856739999999, "Char Grill", "restaurant", [], 1639, null], [35.7805496, -78.64832930000001, "321 Coffee - Downtown Raleigh", "coffee_shop", [], 586, null], [35.780824599999995, -78.6457375, "PRESS Coffee Cr\u00eapes Cocktails", "cafe", [], 523, null], [35.7812394, -78.647711, "The Willard Rooftop Lounge", "bar", [], 578, null], [35.7811234, -78.64787559999999, "The Avenue Raleigh", "bar", [], 195, null], [35.7811965, -78.6457882, "The Brass Tap", "bar", [], 127, null], [35.7805469, -78.6479416, "Betr", "meal_delivery", [], 740, null], [35.780323, -78.6479015, "Lavi", "meal_delivery", [], 1, null], [35.7808358, -78.644441, "Taverna Agora", "greek_restaurant", [], 3951, null], [35.7809386, -78.6446948, "Second Empire Restaurant and Tavern", "american_restaurant", [], 1825, null], [35.7803, -78.64531699999999, "State of Beer", "sandwich_shop", [], 775, null], [35.780364399999996, -78.64358969999999, "Jubala Coffee", "coffee_shop", [], 34, null], [35.780150899999995, -78.644071, "Microweb Vision", "coffee_shop", [], 6, null], [35.780850099999995, -78.6344111, "Longleaf Swine", "restaurant", [], 601, null], [35.7812858, -78.6344962, "Gringo A Go Go", "mexican_restaurant", [], 1527, null], [35.78376250000001, -78.6472651, "La Santa Modern Mexican Food", "mexican_restaurant", [], 1994, null], [35.784047400000006, -78.647234, "Wonderland Kitchen & Cocktails", "mexican_restaurant", [], 2555, null], [35.7825681, -78.64645639999999, "Tobacco Road Sports Cafe & Brewery", "banquet_hall", [], 1467, null], [35.783469499999995, -78.6472892, "Anise Pho", "vietnamese_restaurant", [], 766, null], [35.7832857, -78.647291, "DeMos Pizzeria & Deli", "pizza_restaurant", [], 988, null], [35.7834748, -78.6472117, "Sushi O Bistro & Sushi Bar", 