{"35.3220_35.3100_-82.4500_-82.4700": {"businesses": [[35.3166338, -82.4605275, "Mountain Deli", "restaurant"], [35.3159178, -82.4603683, "Mike's On Main Street Sandwich & Soda Shop", "cafe"], [35.3163001, -82.4598327, "Black Bear Coffee Espresso Bar and Cafe", "cafe"], [35.3166387, -82.4607981, "Mean Mr Mustard's Cafe", "cafe"], [35.3174357, -82.46078, "Champa Sushi & Thai Cuisine", "restaurant"], [35.318523, -82.460735, "First Citizens Bank", "bank"], [35.318777, -82.46081, "Asheville Savings Bank", "bank"], [35.3152779, -82.4597137, "Forest Commercial Bank", "bank"], [35.3154675, -82.4597196, "Mezzaluna", "restaurant"], [35.3146084, -82.4595409, "T's Blue Note", "restaurant"], [35.3139854, -82.459931, "Jongo Java", "cafe"], [35.3138577, -82.4599142, "NeverBlue Tapasbar", "restaurant"], [35.3140836, -82.4599358, "The Square Root Restaurant", "restaurant"], [35.3141457, -82.4601816, "West First Wood-Fired", "restaurant"], [35.3163201, -82.4604372, "Cypress Cellar", "restaurant"], [35.3156699, -82.4602607, "RBC Bank", "bank"], [35.3170834, -82.4593849, "Mean Mustard's Cafe", "cafe"], [35.3165639, -82.4598878, "lime leaf thai fusion", "restaurant"], [35.3211916, -82.4575774, "Daddy D's Suber Soulfood", "restaurant"], [35.3127556, -82.458757, "Truist", "bank"], [35.3130091, -82.4572068, "The Buzz", "restaurant"]], "timestamp": 1768869554.5750332}, "35.7874_35.7767_-78.6343_-78.6494": {"businesses": [[35.7856609, -78.6475829, "Solas", "restaurant"], [35.7836279, -78.6472448, "Sushi O Bistro", "restaurant"], [35.786009, -78.6471269, "Sullivan's Steakhouse", "restaurant"], [35.7845763, -78.6476259, "Thaiphoon", "restaurant"], [35.7844382, -78.6476243, "Sushi Blues Cafe", "restaurant"], [35.7869622, -78.6470947, "Burger Village", "restaurant"], [35.7799487, -78.6447955, "Flying Saucer Draught Emporium", "restaurant"], [35.780248, -78.6457571, "The Roast Grill", "restaurant"], [35.7808964, -78.6446923, "Second Empire Restaurant and Tavern", "restaurant"], [35.7845575, -78.6435513, "Mulino Italian Kitchen & Bar", "restaurant"], [35.7783596, -78.6380771, "Sitti Authentic Lebanese", "restaurant"], [35.7770398, -78.6386608, "Mecca Restaurant", "restaurant"], [35.7770358, -78.6384418, "Carroll's Kitchen", "restaurant"], [35.7772541, -78.6367789, "Bida Manda", "restaurant"], [35.7831205, -78.64624, "42nd Street Oyster Bar", "restaurant"], [35.7780662, -78.6367632, "Caffe Luna", "restaurant"], [35.7770316, -78.6381434, "Beasley's Chicken and Honey", "restaurant"], [35.7784984, -78.6380687, "Gravy Italian-American Kitchen", "restaurant"], [35.778605, -78.639522, "Wells Fargo", "bank"], [35.7767563, -78.6385031, "ORO Restaurant & Lounge", "restaurant"], [35.7779011, -78.6383926, "The PIzza Times", "restaurant"], [35.778413, -78.6390059, "Newbridge Bank", "bank"], [35.7769453, -78.6428012, "Berkeley Cafe", "restaurant"], [35.7769655, -78.6436982, "Parkside Restaurant", "restaurant"], [35.7783054, -78.6369163, "The Remedy Diner", "restaurant"], [35.7792709, -78.6383213, "Centro", "restaurant"], [35.7871021, -78.6470894, "Big Boom", "restaurant"], [35.7865603, -78.6470814, "Carolina Ale House", "restaurant"], [35.7854833, -78.6471538, "Dos Taquitos", "restaurant"], [35.7843429, -78.6476301, "Plates Kitchen", "restaurant"], [35.7785559, -78.6442483, "A Place at the Table", "cafe"], [35.7782232, -78.6404347, "Death & Taxes", "restaurant"], [35.7855632, -78.647666, "Cafe Helios", "cafe"], [35.7767257, -78.6368709, "42 & Lawrence", "cafe"], [35.7767715, -78.6421605, "Whiskey Kitchen", "restaurant"], [35.7773044, -78.6368609, "Brewery Bhavana", "restaurant"], [35.7772979, -78.645754, "Barcelona Wine Bar", "restaurant"], [35.777546, -78.6459391, "Heirloom - Coffee, Tea, Sake", "cafe"], [35.778375, -78.6457916, "Oak Steakhouse Raleigh", "restaurant"], [35.7783598, -78.6453731, "O-Ku Sushi", "restaurant"], [35.7781761, -78.6396325, "Raleigh Raw Juice Bar & Cafe", "cafe"], [35.7784376, -78.6490616, "Wye Hill Kitchen & Brewing", "restaurant"], [35.7808368, -78.6444607, "Taverna Agora Greek Kitchen & Bar", "restaurant"], [35.7797544, -78.6477911, "Good Day Good Night", "restaurant"], [35.7842036, -78.6459028, "Five Star Restaurant", "restaurant"], [35.7796005, -78.6435912, "Libations 317", "restaurant"], [35.7796945, -78.6457426, "Bad Cat Coffee Co", "cafe"], [35.7797149, -78.6456305, "Opa Raleigh", "restaurant"], [35.7796983, -78.6458457, "Iyla's Southern Kitchen", "restaurant"], [35.7808606, -78.6344475, "Longleaf Swine", "restaurant"]], "timestamp": 1768870618.5662851}}